이름,나이,성별,주소
최길동,31,남성,신반포로 3번길 43
김영희,34,여성,잠원로 3번길 21
김민수,40,남성,잠원로 3번길 74
최민수,30,여성,신반포로 9번길 30
정미영,36,여성,잠원로 4번길 74
이길동,34,여성,신반포로 8번길 86
정길동,25,여성,신반포로 4번길 78
최철수,55,여성,강남대로 9번길 31
최민수,26,여성,신반포로 5번길 73
정영희,47,남성,반포대로 2번길 71
김영희,32,남성,잠원로 3번길 36
김미영,20,남성,신반포로 9번길 37
박민수,50,남성,잠원로 3번길 28
정영희,21,남성,신반포로 7번길 43
이민수,27,여성,강남대로 3번길 77
이미영,27,여성,잠원로 3번길 32
최영희,32,여성,신반포로 5번길 79
김길동,24,남성,신반포로 7번길 12
이미영,54,여성,강남대로 9번길 25
이민수,44,여성,잠원로 4번길 77
김철수,43,여성,강남대로 2번길 68
정미영,39,여성,잠원로 9번길 20
박영희,29,남성,잠원로 9번길 28
박민수,25,남성,신반포로 10번길 2
최길동,26,남성,신반포로 4번길 50
최길동,46,여성,반포대로 9번길 13
최길동,48,남성,잠원로 9번길 42
최미영,59,남성,강남대로 3번길 25
정철수,40,여성,잠원로 7번길 56
최길동,57,여성,강남대로 5번길 61
최민수,57,여성,강남대로 8번길 27
김철수,40,여성,강남대로 1번길 31
최영희,22,여성,강남대로 7번길 4
김길동,50,남성,강남대로 7번길 56
박철수,21,남성,잠원로 10번길 60
정철수,58,남성,반포대로 3번길 70
이미영,56,남성,잠원로 4번길 54
이미영,27,여성,반포대로 10번길 70
박영희,37,여성,반포대로 4번길 18
이영희,39,남성,잠원로 1번길 92
김미영,30,여성,반포대로 10번길 13
최미영,30,여성,반포대로 3번길 95
김철수,47,여성,신반포로 3번길 19
정철수,35,남성,반포대로 3번길 96
최길동,52,남성,잠원로 10번길 90
김철수,28,여성,신반포로 9번길 59
최미영,55,여성,강남대로 4번길 43
박길동,26,남성,신반포로 1번길 96
정민수,23,남성,신반포로 7번길 88
최영희,57,남성,반포대로 5번길 84
최철수,37,남성,반포대로 10번길 47
이민수,40,남성,신반포로 4번길 85
박철수,44,여성,잠원로 3번길 26
박민수,54,여성,신반포로 10번길 79
최길동,56,남성,신반포로 9번길 23
박영희,37,남성,신반포로 10번길 67
정철수,21,남성,잠원로 2번길 93
김영희,55,여성,잠원로 10번길 3
이철수,54,남성,반포대로 4번길 79
김길동,31,남성,신반포로 8번길 88
김영희,60,남성,잠원로 3번길 13
이민수,27,여성,신반포로 9번길 44
박길동,40,남성,신반포로 2번길 20
박영희,44,남성,잠원로 5번길 63
박길동,33,남성,잠원로 9번길 94
박미영,59,여성,잠원로 1번길 46
이철수,35,여성,신반포로 6번길 92
이영희,52,남성,강남대로 4번길 18
정미영,56,여성,강남대로 4번길 90
정길동,33,여성,강남대로 3번길 48
박철수,58,여성,신반포로 10번길 17
정길동,49,남성,신반포로 3번길 100
정영희,47,남성,신반포로 3번길 69
최미영,27,여성,강남대로 6번길 38
박영희,47,남성,잠원로 2번길 57
정미영,26,여성,강남대로 5번길 14
박민수,50,여성,반포대로 9번길 22
이길동,37,남성,신반포로 1번길 71
김철수,26,여성,잠원로 9번길 10
김민수,48,남성,잠원로 1번길 39
최철수,57,남성,반포대로 2번길 78
김미영,27,남성,신반포로 3번길 27
정길동,54,여성,반포대로 3번길 99
최영희,54,여성,잠원로 5번길 87
박영희,22,남성,강남대로 2번길 21
최영희,37,남성,강남대로 9번길 7
정영희,58,남성,신반포로 2번길 37
정영희,42,남성,반포대로 9번길 2
최길동,53,남성,반포대로 5번길 34
정영희,32,여성,잠원로 7번길 68
이미영,60,남성,반포대로 8번길 91
정철수,44,남성,반포대로 6번길 29
김영희,51,여성,신반포로 6번길 20
박철수,35,남성,신반포로 9번길 23
박민수,30,남성,반포대로 4번길 55
김철수,55,여성,반포대로 6번길 72
이길동,46,여성,강남대로 7번길 30
정길동,24,남성,강남대로 3번길 68
김민수,54,남성,반포대로 5번길 94
정민수,49,여성,반포대로 1번길 44
김영희,60,여성,잠원로 5번길 61
김영희,59,여성,신반포로 9번길 96
박길동,26,여성,반포대로 8번길 26
정미영,23,여성,반포대로 10번길 61
이민수,23,여성,신반포로 5번길 53
박영희,36,남성,반포대로 9번길 35
이철수,52,여성,잠원로 9번길 47
박미영,24,남성,신반포로 4번길 76
최길동,45,남성,잠원로 1번길 11
김민수,33,남성,반포대로 8번길 15
이길동,47,여성,강남대로 7번길 62
최미영,34,남성,신반포로 1번길 48
박철수,45,남성,반포대로 10번길 82
최미영,23,남성,강남대로 1번길 35
김철수,38,여성,강남대로 3번길 47
이길동,23,여성,반포대로 8번길 66
김영희,23,여성,잠원로 1번길 59
이영희,57,남성,강남대로 5번길 20
최영희,52,여성,강남대로 5번길 92
김민수,45,남성,신반포로 4번길 69
박영희,43,남성,반포대로 1번길 75
최영희,29,여성,반포대로 7번길 5
이길동,58,여성,잠원로 8번길 62
정길동,34,여성,강남대로 2번길 67
정길동,46,남성,신반포로 9번길 41
최철수,21,여성,신반포로 9번길 7
김길동,52,남성,신반포로 5번길 16
최미영,42,남성,반포대로 4번길 92
박민수,52,여성,신반포로 2번길 53
김철수,48,여성,강남대로 4번길 45
이미영,34,여성,신반포로 5번길 86
정미영,44,여성,강남대로 10번길 31
이민수,34,여성,강남대로 8번길 89
정미영,49,남성,강남대로 9번길 75
박민수,56,남성,잠원로 5번길 7
김길동,41,남성,잠원로 4번길 17
이미영,46,남성,잠원로 9번길 29
이영희,42,여성,신반포로 2번길 100
정길동,22,여성,강남대로 3번길 91
김길동,21,여성,강남대로 7번길 82
박미영,23,여성,잠원로 5번길 76
정미영,33,여성,잠원로 2번길 9
이철수,29,여성,반포대로 7번길 95
박철수,30,여성,신반포로 10번길 36
김철수,34,남성,신반포로 4번길 57
김길동,36,여성,반포대로 10번길 54
이민수,54,여성,강남대로 2번길 82
김영희,60,여성,신반포로 5번길 14
정민수,49,여성,신반포로 2번길 5
박길동,57,남성,강남대로 8번길 10
이길동,46,여성,잠원로 9번길 84
이민수,32,여성,잠원로 4번길 29
정민수,24,남성,잠원로 4번길 70
이길동,41,남성,강남대로 8번길 75
이길동,36,남성,반포대로 1번길 61
박영희,37,여성,반포대로 1번길 50
김철수,25,남성,강남대로 10번길 2
최미영,35,남성,강남대로 10번길 64
박민수,51,여성,잠원로 3번길 45
최미영,48,여성,신반포로 3번길 39
정민수,27,남성,잠원로 8번길 20
김길동,27,남성,반포대로 10번길 83
최철수,49,여성,반포대로 2번길 71
이영희,29,여성,신반포로 9번길 92
김길동,50,남성,신반포로 4번길 100
김철수,55,남성,신반포로 8번길 55
김미영,32,남성,강남대로 1번길 67
이민수,48,남성,잠원로 6번길 82
김철수,49,남성,강남대로 7번길 37
최영희,41,여성,반포대로 8번길 49
김미영,60,여성,강남대로 8번길 26
정영희,25,남성,반포대로 2번길 24
김철수,30,남성,강남대로 4번길 62
최미영,36,남성,반포대로 4번길 50
정길동,49,남성,신반포로 2번길 2
박철수,32,여성,반포대로 10번길 61
박길동,29,여성,강남대로 7번길 21
이철수,53,여성,잠원로 2번길 31
정민수,52,남성,강남대로 9번길 11
김철수,39,여성,신반포로 1번길 65
김미영,32,남성,잠원로 5번길 25
최민수,50,여성,강남대로 2번길 90
김철수,47,남성,잠원로 4번길 22
김길동,45,여성,신반포로 9번길 23
이길동,29,여성,강남대로 4번길 88
최민수,46,남성,강남대로 2번길 1
정민수,35,여성,반포대로 7번길 56
박길동,49,여성,강남대로 5번길 67
김영희,33,여성,반포대로 10번길 33
이철수,35,남성,신반포로 3번길 8
이철수,49,남성,반포대로 6번길 19
정영희,26,여성,강남대로 7번길 62
김철수,23,남성,잠원로 5번길 79
이미영,55,남성,강남대로 10번길 62
이미영,36,남성,반포대로 9번길 26
김철수,49,여성,신반포로 1번길 97
김미영,28,남성,신반포로 9번길 4
박철수,60,남성,잠원로 8번길 15
박길동,58,남성,강남대로 2번길 9
이미영,26,남성,강남대로 9번길 25
박민수,40,남성,강남대로 10번길 99
이길동,46,여성,강남대로 10번길 50
김미영,39,여성,반포대로 4번길 32
이민수,60,여성,잠원로 6번길 21
이민수,25,여성,반포대로 2번길 65
최길동,34,여성,신반포로 5번길 42
최길동,22,여성,잠원로 10번길 72
최길동,33,여성,강남대로 10번길 98
이미영,51,남성,반포대로 10번길 40
최길동,30,여성,잠원로 2번길 49
정철수,20,여성,신반포로 3번길 13
박길동,52,남성,강남대로 7번길 35
최철수,53,여성,잠원로 6번길 29
정영희,58,남성,강남대로 3번길 30
박민수,58,여성,신반포로 4번길 81
박철수,27,남성,신반포로 8번길 12
최미영,42,남성,반포대로 4번길 79
최철수,57,여성,강남대로 9번길 28
이영희,50,여성,강남대로 10번길 39
정미영,42,여성,잠원로 3번길 15
정철수,33,여성,반포대로 2번길 78
정영희,50,여성,신반포로 4번길 29
정길동,52,남성,잠원로 3번길 86
이철수,36,여성,신반포로 2번길 33
정영희,35,남성,신반포로 3번길 6
김영희,53,여성,신반포로 10번길 18
이미영,40,여성,반포대로 7번길 53
김미영,57,남성,강남대로 4번길 47
정철수,31,여성,강남대로 4번길 89
이철수,51,남성,강남대로 5번길 22
이길동,31,여성,잠원로 5번길 12
최영희,53,남성,신반포로 4번길 6
이철수,28,여성,반포대로 5번길 51
정영희,38,여성,잠원로 9번길 58
이미영,43,남성,잠원로 10번길 3
최영희,28,여성,신반포로 2번길 3
김철수,34,여성,잠원로 9번길 72
정영희,40,여성,잠원로 4번길 73
박철수,52,여성,신반포로 8번길 62
이영희,38,여성,신반포로 4번길 59
이미영,38,여성,잠원로 7번길 18
박철수,21,여성,반포대로 7번길 31
이길동,43,여성,반포대로 9번길 32
이영희,44,남성,신반포로 2번길 44
이길동,23,남성,반포대로 10번길 10
박길동,23,남성,신반포로 2번길 39
이영희,38,남성,신반포로 4번길 80
김영희,41,여성,강남대로 6번길 20
김민수,30,남성,잠원로 10번길 66
김미영,57,여성,반포대로 7번길 45
정길동,31,여성,강남대로 10번길 71
정미영,33,여성,반포대로 10번길 22
박영희,37,남성,반포대로 7번길 56
박미영,34,여성,반포대로 6번길 87
정영희,34,여성,잠원로 8번길 17
정민수,32,남성,강남대로 4번길 25
박영희,51,여성,강남대로 3번길 23
이영희,28,남성,신반포로 6번길 26
정철수,27,여성,강남대로 5번길 72
이미영,37,남성,강남대로 1번길 62
이영희,54,여성,신반포로 2번길 86
이길동,41,남성,반포대로 10번길 30
이길동,26,여성,신반포로 9번길 56
김영희,29,남성,강남대로 6번길 91
최미영,21,남성,신반포로 4번길 20
이철수,25,여성,신반포로 9번길 33
박철수,27,여성,잠원로 2번길 73
이민수,25,남성,신반포로 10번길 63
김민수,20,여성,강남대로 2번길 91
김철수,40,남성,잠원로 9번길 96
김민수,55,여성,신반포로 10번길 12
정민수,48,여성,강남대로 1번길 71
이길동,34,여성,반포대로 3번길 79
최철수,40,남성,강남대로 5번길 78
정길동,27,여성,반포대로 10번길 20
이미영,24,여성,강남대로 4번길 56
김민수,37,남성,강남대로 5번길 19
최민수,35,여성,잠원로 7번길 65
김미영,42,남성,잠원로 8번길 64
박철수,56,남성,반포대로 3번길 95
정영희,46,남성,잠원로 5번길 92
정길동,38,여성,잠원로 6번길 83
박철수,43,여성,잠원로 2번길 85
김영희,22,여성,잠원로 7번길 22
최민수,26,남성,신반포로 9번길 86
김미영,39,남성,잠원로 9번길 80
박길동,43,여성,강남대로 4번길 87
박영희,30,남성,반포대로 8번길 81
정민수,26,남성,강남대로 10번길 1
정미영,49,남성,강남대로 9번길 24
이미영,23,여성,강남대로 6번길 5
이민수,50,남성,강남대로 5번길 53
정민수,35,남성,강남대로 10번길 1
최길동,57,남성,반포대로 7번길 77
최영희,22,여성,신반포로 7번길 49
박민수,57,남성,강남대로 8번길 21
이철수,40,여성,신반포로 5번길 5
정미영,60,여성,반포대로 10번길 31
이미영,27,남성,잠원로 5번길 32
이미영,52,여성,잠원로 1번길 78
박영희,54,남성,강남대로 1번길 2
김미영,56,남성,잠원로 3번길 44
김민수,57,여성,반포대로 5번길 37
이민수,59,남성,강남대로 6번길 33
박철수,46,여성,반포대로 2번길 62
김민수,41,남성,강남대로 1번길 80
김철수,55,여성,반포대로 10번길 40
정영희,51,남성,잠원로 7번길 58
이미영,55,여성,반포대로 3번길 48
박길동,28,남성,잠원로 6번길 65
정길동,42,남성,강남대로 2번길 52
이길동,53,여성,반포대로 10번길 8
정미영,20,여성,신반포로 7번길 85
박철수,28,남성,신반포로 5번길 69
최철수,54,여성,신반포로 2번길 92
최미영,55,남성,잠원로 7번길 100
박영희,44,여성,반포대로 4번길 19
김미영,22,여성,신반포로 6번길 78
최철수,21,여성,잠원로 5번길 10
정미영,22,남성,잠원로 8번길 1
김영희,38,남성,반포대로 2번길 37
이영희,45,여성,반포대로 10번길 36
정영희,49,남성,잠원로 10번길 35
박미영,29,여성,반포대로 8번길 61
정길동,20,여성,신반포로 8번길 88
최길동,32,여성,잠원로 6번길 9
정철수,56,남성,신반포로 10번길 53
최미영,32,여성,반포대로 4번길 37
박영희,25,여성,강남대로 3번길 36
박철수,36,남성,신반포로 4번길 71
정영희,56,여성,잠원로 8번길 92
박영희,37,남성,신반포로 10번길 54
김미영,28,남성,잠원로 4번길 71
최미영,22,여성,강남대로 2번길 67
김민수,24,여성,반포대로 5번길 30
김길동,58,남성,신반포로 3번길 63
최미영,60,여성,반포대로 4번길 55
김민수,29,여성,잠원로 3번길 77
박철수,43,남성,잠원로 8번길 4
최미영,20,남성,반포대로 6번길 35
이민수,22,남성,잠원로 7번길 92
정길동,49,남성,신반포로 9번길 7
최민수,30,여성,잠원로 5번길 21
김미영,55,여성,강남대로 10번길 18
김철수,35,남성,강남대로 10번길 27
정영희,32,남성,강남대로 6번길 98
김길동,59,남성,잠원로 10번길 17
이길동,34,여성,반포대로 3번길 28
최영희,21,남성,잠원로 1번길 24
김미영,55,남성,신반포로 10번길 63
최길동,26,여성,신반포로 1번길 14
이길동,33,남성,강남대로 4번길 38
이길동,52,남성,신반포로 5번길 62
정영희,37,남성,반포대로 3번길 48
최철수,45,여성,신반포로 9번길 96
박영희,41,여성,잠원로 1번길 32
이영희,39,여성,반포대로 7번길 100
최미영,29,여성,잠원로 9번길 61
이영희,48,여성,잠원로 3번길 31
박미영,31,여성,강남대로 2번길 17
정길동,23,여성,반포대로 5번길 24
이철수,37,남성,신반포로 2번길 89
최영희,52,남성,강남대로 4번길 98
박철수,45,여성,강남대로 8번길 100
김민수,48,남성,반포대로 9번길 28
정미영,44,여성,반포대로 3번길 32
김미영,31,여성,신반포로 5번길 29
박민수,36,여성,강남대로 2번길 51
정민수,23,여성,반포대로 4번길 58
최영희,58,남성,잠원로 8번길 72
박철수,48,여성,반포대로 6번길 26
박영희,27,여성,신반포로 5번길 24
박영희,44,여성,강남대로 4번길 30
최민수,24,여성,신반포로 7번길 1
김민수,39,남성,신반포로 2번길 5
박민수,24,남성,신반포로 4번길 2
이민수,49,남성,신반포로 10번길 62
최길동,49,남성,잠원로 5번길 60
김길동,31,여성,신반포로 10번길 49
정길동,54,여성,신반포로 3번길 97
정미영,41,남성,신반포로 10번길 61
김길동,43,여성,강남대로 7번길 61
정철수,28,여성,잠원로 10번길 30
김민수,37,남성,반포대로 5번길 67
이길동,45,남성,반포대로 10번길 21
최길동,48,남성,잠원로 4번길 88
이철수,22,여성,반포대로 5번길 24
이민수,56,남성,반포대로 5번길 100
최민수,27,남성,잠원로 8번길 6
최길동,47,여성,강남대로 4번길 21
김길동,51,남성,반포대로 10번길 91
박철수,60,남성,잠원로 5번길 15
정철수,38,여성,신반포로 3번길 53
정영희,55,여성,신반포로 4번길 96
최길동,40,남성,잠원로 2번길 10
김영희,32,남성,강남대로 10번길 89
이영희,36,여성,잠원로 2번길 74
이철수,38,여성,신반포로 10번길 65
정길동,28,여성,강남대로 10번길 1
이길동,58,남성,반포대로 7번길 79
김미영,25,남성,반포대로 4번길 29
정미영,44,여성,반포대로 9번길 43
정길동,60,여성,잠원로 6번길 65
박길동,45,여성,강남대로 1번길 5
정민수,33,남성,강남대로 1번길 78
정길동,45,여성,강남대로 9번길 80
정민수,30,여성,강남대로 6번길 12
김철수,33,남성,강남대로 1번길 4
박민수,42,남성,강남대로 2번길 45
이영희,46,여성,신반포로 2번길 100
박영희,39,여성,잠원로 8번길 88
박철수,43,남성,강남대로 2번길 17
이영희,25,여성,신반포로 8번길 90
이영희,26,남성,잠원로 4번길 62
김길동,22,남성,반포대로 8번길 45
이미영,32,여성,강남대로 4번길 22
이길동,57,남성,신반포로 5번길 66
이민수,46,여성,잠원로 3번길 93
김민수,28,여성,강남대로 2번길 59
정철수,26,여성,강남대로 6번길 18
박길동,32,여성,반포대로 9번길 68
김길동,25,여성,강남대로 3번길 37
정미영,22,남성,신반포로 1번길 7
이길동,29,여성,잠원로 2번길 68
김미영,29,여성,신반포로 5번길 95
박길동,43,여성,반포대로 2번길 65
이길동,39,남성,신반포로 1번길 39
이길동,25,여성,강남대로 8번길 87
이민수,53,여성,강남대로 5번길 55
이영희,42,남성,신반포로 10번길 75
김영희,29,여성,반포대로 5번길 4
최영희,22,여성,잠원로 7번길 80
이길동,52,남성,강남대로 1번길 87
최영희,41,여성,신반포로 8번길 69
정민수,45,남성,강남대로 3번길 82
이영희,51,여성,반포대로 6번길 16
정민수,23,여성,강남대로 6번길 76
이민수,36,여성,강남대로 8번길 10
이영희,36,여성,반포대로 5번길 64
박민수,51,여성,반포대로 3번길 39
김철수,36,여성,잠원로 9번길 24
김길동,37,여성,강남대로 8번길 13
김길동,60,남성,반포대로 1번길 80
박영희,26,여성,반포대로 10번길 52
이철수,55,남성,반포대로 4번길 97
박영희,33,남성,반포대로 10번길 76
정철수,29,남성,강남대로 5번길 91
박철수,31,남성,강남대로 2번길 26
최민수,29,남성,강남대로 10번길 83
이영희,33,여성,신반포로 3번길 39
박미영,53,남성,반포대로 5번길 97
박철수,43,여성,잠원로 5번길 58
김영희,29,남성,신반포로 10번길 38
이길동,21,남성,신반포로 1번길 39
박민수,44,여성,강남대로 10번길 65
이길동,42,여성,반포대로 10번길 9
최영희,30,여성,반포대로 6번길 50
박영희,52,남성,반포대로 1번길 21
박영희,31,여성,잠원로 10번길 40
정민수,20,여성,신반포로 10번길 100
이길동,47,여성,강남대로 5번길 61
김영희,27,남성,잠원로 6번길 24
박민수,21,남성,강남대로 6번길 62
이철수,35,남성,반포대로 7번길 7
김미영,43,여성,잠원로 4번길 54
김미영,59,여성,강남대로 4번길 70
박미영,21,남성,반포대로 8번길 61
정철수,54,여성,강남대로 5번길 51
이미영,44,여성,잠원로 9번길 30
최길동,55,여성,강남대로 3번길 49
김철수,58,남성,반포대로 4번길 96
정미영,44,남성,잠원로 5번길 23
이민수,25,여성,잠원로 1번길 28
이민수,21,남성,신반포로 1번길 87
김길동,41,남성,강남대로 8번길 23
박길동,47,여성,반포대로 4번길 8
정민수,24,남성,반포대로 9번길 1
이미영,28,남성,반포대로 9번길 44
정철수,38,남성,잠원로 7번길 3
이영희,39,여성,반포대로 7번길 52
이미영,35,여성,잠원로 10번길 52
박길동,58,남성,잠원로 7번길 23
박길동,39,여성,신반포로 6번길 30
박길동,44,남성,반포대로 4번길 65
박미영,21,남성,신반포로 2번길 19
이미영,43,남성,신반포로 3번길 42
박길동,25,남성,신반포로 2번길 53
최미영,32,여성,잠원로 6번길 10
박길동,34,여성,강남대로 9번길 70
최민수,40,남성,반포대로 10번길 58
박길동,25,남성,강남대로 1번길 68
이길동,40,남성,반포대로 6번길 80
김영희,30,여성,반포대로 3번길 17
김영희,28,여성,잠원로 7번길 76
김영희,29,남성,반포대로 10번길 70
박민수,27,남성,강남대로 2번길 81
이민수,23,남성,신반포로 9번길 48
정영희,60,여성,강남대로 7번길 11
이미영,52,여성,강남대로 4번길 25
박영희,49,남성,강남대로 10번길 56
김민수,53,남성,반포대로 5번길 60
박민수,44,여성,신반포로 3번길 29
정길동,50,남성,잠원로 4번길 53
최민수,52,여성,신반포로 1번길 58
박길동,32,남성,강남대로 7번길 94
박영희,47,여성,신반포로 3번길 88
김길동,44,남성,잠원로 7번길 74
박영희,45,여성,신반포로 7번길 42
정미영,52,여성,잠원로 7번길 27
김영희,52,남성,신반포로 7번길 10
이영희,30,여성,반포대로 5번길 47
이민수,46,여성,반포대로 6번길 66
박영희,44,여성,신반포로 4번길 42
최영희,44,남성,신반포로 4번길 40
김철수,50,여성,강남대로 3번길 41
정민수,47,남성,반포대로 2번길 64
최영희,43,여성,잠원로 5번길 11
김길동,46,남성,잠원로 9번길 22
김민수,31,여성,잠원로 6번길 82
박민수,31,여성,반포대로 8번길 84
박영희,53,여성,강남대로 3번길 72
김철수,29,여성,신반포로 4번길 66
이미영,50,여성,반포대로 5번길 22
정민수,38,여성,강남대로 5번길 13
이미영,53,남성,잠원로 8번길 28
이철수,57,남성,반포대로 3번길 22
최철수,43,남성,강남대로 1번길 96
박미영,54,남성,신반포로 6번길 43
정민수,42,남성,강남대로 8번길 78
박영희,48,남성,강남대로 10번길 44
박길동,27,여성,강남대로 2번길 45
최영희,21,여성,잠원로 7번길 19
김영희,35,여성,신반포로 4번길 82
정미영,39,여성,신반포로 7번길 22
이영희,33,여성,반포대로 3번길 50
김민수,58,여성,반포대로 5번길 57
최영희,56,여성,강남대로 2번길 99
최철수,37,여성,잠원로 3번길 34
최미영,39,여성,잠원로 6번길 70
박민수,36,여성,잠원로 5번길 62
김길동,20,여성,강남대로 5번길 29
정영희,60,남성,신반포로 8번길 53
최미영,46,남성,반포대로 8번길 86
이미영,47,남성,잠원로 4번길 64
김영희,21,여성,잠원로 5번길 18
이철수,51,남성,반포대로 2번길 32
정미영,41,여성,반포대로 9번길 89
정철수,44,남성,신반포로 7번길 2
박미영,21,여성,잠원로 2번길 51
최철수,28,여성,신반포로 2번길 82
박영희,41,여성,반포대로 4번길 12
이철수,28,남성,잠원로 8번길 52
최철수,49,여성,잠원로 7번길 28
박길동,46,여성,반포대로 3번길 36
최미영,31,남성,반포대로 7번길 7
최민수,28,남성,강남대로 1번길 58
박민수,27,여성,잠원로 1번길 8
김길동,54,여성,강남대로 10번길 31
이미영,37,여성,잠원로 3번길 5
박철수,52,여성,반포대로 3번길 47
이미영,51,여성,잠원로 5번길 5
박영희,54,여성,잠원로 8번길 95
김철수,52,여성,강남대로 7번길 8
김철수,52,여성,반포대로 7번길 74
박길동,27,남성,강남대로 10번길 91
이영희,22,여성,신반포로 6번길 83
이민수,54,남성,신반포로 8번길 12
정미영,56,남성,강남대로 7번길 40
김민수,20,남성,신반포로 4번길 66
정민수,60,남성,잠원로 1번길 13
박민수,34,남성,강남대로 3번길 76
최철수,28,남성,반포대로 4번길 23
최영희,60,남성,강남대로 1번길 66
김철수,33,여성,반포대로 10번길 78
정미영,53,남성,강남대로 10번길 73
정영희,53,남성,강남대로 5번길 25
최철수,50,여성,신반포로 6번길 27
최민수,46,여성,반포대로 2번길 15
최민수,53,여성,강남대로 4번길 2
이철수,44,남성,강남대로 3번길 53
정미영,54,여성,신반포로 8번길 18
김민수,34,남성,잠원로 7번길 92
이민수,55,여성,잠원로 6번길 47
최철수,45,남성,신반포로 2번길 31
박길동,56,남성,강남대로 9번길 48
박민수,49,남성,반포대로 9번길 1
최길동,23,여성,잠원로 5번길 69
이철수,29,남성,반포대로 5번길 73
최미영,42,남성,반포대로 8번길 70
박영희,32,여성,반포대로 8번길 79
김미영,51,남성,신반포로 8번길 29
김철수,45,여성,잠원로 4번길 7
최철수,26,남성,잠원로 5번길 38
최철수,20,남성,신반포로 6번길 20
김민수,28,여성,강남대로 8번길 87
박미영,43,남성,반포대로 5번길 22
박길동,30,남성,반포대로 4번길 4
이영희,50,남성,신반포로 9번길 89
박영희,25,남성,잠원로 10번길 60
이민수,34,남성,신반포로 4번길 81
이영희,51,남성,반포대로 9번길 76
김영희,33,여성,잠원로 5번길 77
최길동,49,여성,잠원로 3번길 71
이철수,57,여성,반포대로 3번길 49
최철수,50,남성,신반포로 9번길 43
이철수,59,남성,신반포로 10번길 87
이철수,47,여성,신반포로 8번길 43
최미영,35,남성,반포대로 6번길 57
정길동,27,여성,잠원로 1번길 2
김영희,41,여성,강남대로 10번길 23
박미영,22,여성,강남대로 4번길 88
김길동,30,여성,반포대로 6번길 3
박영희,59,여성,강남대로 9번길 35
최영희,27,남성,잠원로 8번길 86
정영희,54,남성,반포대로 5번길 32
이영희,36,여성,강남대로 1번길 60
김철수,22,여성,강남대로 8번길 1
김영희,41,여성,신반포로 8번길 71
최미영,37,남성,반포대로 1번길 11
정영희,60,남성,잠원로 3번길 29
박철수,26,여성,잠원로 1번길 68
최길동,29,남성,신반포로 9번길 43
박민수,58,남성,반포대로 5번길 40
박영희,26,남성,강남대로 4번길 22
최민수,50,남성,신반포로 6번길 11
최미영,26,남성,신반포로 4번길 78
최영희,27,여성,잠원로 3번길 9
최길동,51,여성,강남대로 7번길 64
최길동,31,남성,잠원로 10번길 13
박길동,54,여성,신반포로 7번길 31
이길동,33,여성,신반포로 4번길 36
이영희,53,여성,반포대로 9번길 56
박민수,47,여성,신반포로 7번길 10
김미영,41,남성,신반포로 6번길 9
김길동,33,여성,신반포로 8번길 50
최길동,31,여성,반포대로 4번길 4
박길동,32,여성,반포대로 8번길 34
김철수,32,여성,잠원로 5번길 84
박민수,32,여성,반포대로 3번길 82
김민수,32,여성,반포대로 3번길 9
최길동,29,여성,반포대로 2번길 40
최영희,25,남성,잠원로 8번길 77
이길동,31,여성,잠원로 1번길 98
정미영,43,여성,반포대로 3번길 90
정미영,56,남성,강남대로 1번길 66
최민수,23,남성,반포대로 7번길 66
최미영,55,여성,반포대로 4번길 63
이길동,33,여성,잠원로 1번길 89
최민수,58,여성,잠원로 1번길 31
최미영,60,여성,잠원로 8번길 52
정민수,58,여성,반포대로 5번길 49
이미영,46,남성,잠원로 4번길 96
이길동,28,남성,반포대로 1번길 65
김길동,44,여성,신반포로 8번길 96
이철수,44,여성,잠원로 3번길 5
이길동,24,남성,반포대로 3번길 25
최철수,22,여성,강남대로 1번길 22
최민수,39,여성,반포대로 2번길 48
이영희,35,여성,강남대로 7번길 8
박철수,60,남성,잠원로 7번길 98
최길동,48,남성,반포대로 7번길 50
정민수,40,남성,잠원로 7번길 41
최영희,46,여성,신반포로 5번길 65
정민수,40,여성,반포대로 2번길 42
김길동,52,여성,강남대로 9번길 49
최영희,33,남성,잠원로 1번길 18
정철수,44,여성,잠원로 1번길 48
정미영,20,여성,반포대로 2번길 10
이영희,44,남성,잠원로 2번길 25
이영희,58,여성,잠원로 5번길 55
박철수,54,여성,강남대로 6번길 55
김민수,53,여성,잠원로 8번길 86
정철수,52,남성,반포대로 9번길 43
김철수,41,여성,강남대로 5번길 40
김철수,46,남성,강남대로 4번길 78
정철수,38,남성,강남대로 5번길 40
김미영,29,남성,반포대로 3번길 36
이철수,38,남성,잠원로 1번길 16
정민수,41,여성,잠원로 5번길 89
이철수,47,여성,반포대로 3번길 94
정민수,23,여성,강남대로 2번길 74
김미영,56,남성,반포대로 1번길 47
정미영,42,여성,반포대로 5번길 24
최길동,50,남성,강남대로 5번길 8
이철수,26,여성,강남대로 3번길 99
박철수,26,여성,반포대로 1번길 30
이민수,21,남성,잠원로 7번길 98
정길동,44,남성,잠원로 3번길 9
이길동,51,여성,잠원로 2번길 11
최민수,37,여성,신반포로 4번길 91
이미영,24,여성,반포대로 4번길 78
이영희,38,여성,강남대로 4번길 38
박길동,28,여성,반포대로 2번길 90
최철수,26,남성,반포대로 7번길 27
김영희,47,남성,반포대로 4번길 99
박길동,42,여성,강남대로 6번길 80
김철수,29,남성,잠원로 4번길 6
이철수,42,여성,반포대로 5번길 2
이길동,51,여성,반포대로 7번길 41
박영희,39,남성,강남대로 8번길 52
김미영,32,여성,강남대로 2번길 13
박영희,47,여성,강남대로 2번길 53
박길동,42,남성,신반포로 3번길 6
박영희,21,여성,신반포로 1번길 64
이영희,56,여성,신반포로 3번길 31
김미영,55,여성,잠원로 8번길 49
이길동,56,남성,잠원로 4번길 74
최길동,57,여성,강남대로 3번길 40
김미영,45,남성,반포대로 4번길 43
정길동,49,여성,강남대로 7번길 73
박영희,39,남성,반포대로 10번길 19
박철수,58,남성,강남대로 7번길 42
박미영,43,남성,강남대로 10번길 23
김길동,39,남성,잠원로 10번길 40
김길동,24,여성,강남대로 10번길 99
박미영,47,여성,잠원로 9번길 99
박길동,32,남성,신반포로 8번길 50
이길동,28,남성,잠원로 1번길 96
이길동,39,여성,반포대로 2번길 81
이영희,35,여성,잠원로 8번길 37
박민수,53,여성,강남대로 4번길 76
최영희,29,남성,강남대로 5번길 18
박미영,37,여성,잠원로 7번길 13
김영희,34,남성,신반포로 3번길 16
이길동,20,남성,잠원로 5번길 80
최길동,27,여성,잠원로 10번길 75
정미영,22,남성,신반포로 2번길 36
김미영,57,남성,반포대로 10번길 88
박철수,40,남성,강남대로 8번길 50
박민수,37,여성,신반포로 5번길 33
김미영,50,여성,반포대로 6번길 87
정영희,53,여성,잠원로 5번길 48
김길동,30,남성,강남대로 7번길 82
정길동,29,여성,반포대로 1번길 19
이길동,32,남성,반포대로 3번길 17
박민수,35,여성,반포대로 8번길 87
이영희,51,남성,강남대로 10번길 22
정미영,33,남성,반포대로 5번길 1
정길동,30,남성,신반포로 4번길 74
최길동,22,여성,반포대로 2번길 83
이철수,47,여성,반포대로 4번길 72
김미영,30,여성,반포대로 1번길 78
최민수,36,남성,반포대로 8번길 66
최철수,60,남성,반포대로 10번길 93
최영희,43,여성,강남대로 2번길 33
김영희,33,여성,신반포로 2번길 36
최길동,29,여성,잠원로 9번길 77
박철수,53,남성,잠원로 1번길 94
정미영,24,남성,강남대로 1번길 55
최철수,38,남성,신반포로 4번길 28
최미영,58,여성,신반포로 5번길 69
박철수,42,남성,신반포로 10번길 96
정철수,40,여성,잠원로 3번길 37
이민수,55,남성,신반포로 5번길 19
박민수,28,여성,잠원로 3번길 30
최길동,44,여성,잠원로 1번길 76
정길동,23,여성,잠원로 2번길 71
최민수,21,여성,신반포로 8번길 52
이민수,35,남성,반포대로 6번길 19
박영희,37,여성,강남대로 10번길 33
정길동,47,남성,신반포로 10번길 21
김철수,60,여성,신반포로 10번길 7
이민수,48,여성,잠원로 8번길 16
이미영,20,여성,강남대로 7번길 77
이영희,49,여성,강남대로 10번길 94
이철수,30,남성,잠원로 10번길 62
최길동,60,여성,반포대로 4번길 99
이철수,43,여성,신반포로 5번길 75
김영희,46,남성,신반포로 5번길 98
최철수,33,남성,잠원로 6번길 68
박민수,20,남성,신반포로 6번길 47
최미영,40,여성,잠원로 5번길 82
정길동,32,여성,잠원로 2번길 31
정길동,20,남성,잠원로 9번길 89
정철수,46,여성,잠원로 9번길 72
박길동,37,남성,반포대로 7번길 18
이길동,45,남성,강남대로 8번길 36
이미영,36,여성,반포대로 6번길 35
정영희,25,여성,잠원로 6번길 43
박길동,31,여성,반포대로 6번길 9
최미영,30,남성,반포대로 3번길 78
박철수,55,여성,강남대로 9번길 67
김미영,48,여성,신반포로 9번길 65
박길동,50,남성,잠원로 10번길 54
정미영,32,남성,반포대로 9번길 71
이영희,20,여성,반포대로 1번길 20
김미영,58,남성,신반포로 9번길 85
정길동,30,여성,신반포로 8번길 39
김미영,48,남성,잠원로 8번길 58
최민수,49,여성,잠원로 3번길 77
최철수,48,남성,반포대로 3번길 17
최민수,32,여성,강남대로 9번길 77
정영희,51,여성,잠원로 6번길 69
이길동,35,여성,잠원로 10번길 10
정미영,55,여성,강남대로 3번길 86
정미영,23,남성,신반포로 4번길 81
최철수,36,여성,신반포로 1번길 51
최영희,34,여성,강남대로 1번길 39
박철수,49,남성,신반포로 5번길 71
이영희,55,여성,잠원로 7번길 95
김미영,40,남성,강남대로 5번길 94
정민수,41,남성,잠원로 6번길 58
김길동,28,여성,강남대로 7번길 15
최길동,57,남성,잠원로 1번길 36
최민수,59,남성,신반포로 3번길 14
김철수,28,남성,신반포로 9번길 72
박미영,30,남성,신반포로 6번길 84
박미영,60,여성,강남대로 10번길 3
정길동,42,남성,반포대로 9번길 10
정철수,34,여성,신반포로 4번길 33
정길동,48,여성,강남대로 5번길 79
김민수,41,여성,잠원로 8번길 14
박민수,48,남성,반포대로 3번길 75
김길동,50,남성,잠원로 3번길 99
김길동,44,여성,반포대로 7번길 59
이민수,50,남성,반포대로 4번길 35
김민수,29,여성,강남대로 6번길 30
최길동,23,여성,반포대로 1번길 47
최민수,21,남성,잠원로 4번길 14
박길동,53,여성,강남대로 1번길 33
김길동,49,여성,잠원로 9번길 30
이민수,26,남성,신반포로 4번길 80
최미영,31,남성,신반포로 2번길 63
박미영,44,여성,신반포로 8번길 20
이길동,59,여성,반포대로 9번길 36
최철수,33,여성,반포대로 8번길 36
박길동,41,여성,강남대로 3번길 24
이길동,32,여성,반포대로 6번길 99
최영희,23,여성,신반포로 2번길 22
김길동,49,남성,반포대로 8번길 56
박미영,57,여성,반포대로 10번길 67
이길동,37,여성,신반포로 4번길 49
최민수,21,남성,강남대로 6번길 42
박철수,36,남성,잠원로 2번길 11
최철수,35,남성,신반포로 7번길 97
정미영,20,남성,강남대로 3번길 40
최영희,54,남성,잠원로 3번길 91
김민수,26,여성,신반포로 3번길 51
박민수,43,남성,반포대로 8번길 95
박미영,46,여성,신반포로 6번길 41
박길동,39,남성,반포대로 1번길 65
박철수,42,남성,잠원로 6번길 5
박민수,29,남성,잠원로 7번길 55
박영희,48,남성,잠원로 3번길 33
정길동,39,여성,신반포로 2번길 17
정길동,42,여성,신반포로 1번길 47
정철수,37,남성,반포대로 2번길 53
정영희,46,남성,반포대로 6번길 76
이길동,54,여성,반포대로 1번길 39
이영희,49,남성,강남대로 1번길 54
이길동,33,여성,반포대로 10번길 23
김영희,34,여성,신반포로 6번길 11
박민수,51,남성,반포대로 7번길 84
김민수,24,남성,잠원로 10번길 27
김미영,57,남성,반포대로 6번길 67
정길동,49,여성,잠원로 5번길 9
이철수,29,여성,반포대로 3번길 1
이길동,54,여성,신반포로 4번길 71
정영희,52,여성,잠원로 6번길 29
김철수,56,남성,신반포로 1번길 87
김미영,28,여성,잠원로 4번길 60
정민수,25,여성,반포대로 3번길 30
최민수,57,여성,신반포로 8번길 95
최철수,59,남성,잠원로 2번길 14
김영희,28,남성,강남대로 1번길 95
김길동,33,여성,잠원로 4번길 77
정미영,28,여성,잠원로 9번길 65
이영희,42,남성,신반포로 3번길 49
박길동,51,여성,신반포로 7번길 30
박미영,34,여성,반포대로 10번길 89
최미영,50,남성,반포대로 6번길 35
이민수,50,여성,신반포로 10번길 27
박미영,27,남성,반포대로 7번길 26
이철수,24,남성,신반포로 8번길 57
박영희,26,여성,강남대로 9번길 37
정미영,40,남성,잠원로 10번길 24
김영희,36,여성,잠원로 8번길 33
이철수,50,여성,신반포로 10번길 42
정길동,21,남성,잠원로 1번길 5
이길동,40,여성,잠원로 5번길 37
박철수,59,남성,신반포로 4번길 48
박민수,50,남성,신반포로 3번길 15
김길동,37,남성,잠원로 3번길 57
박길동,45,여성,잠원로 1번길 61
이민수,49,남성,신반포로 10번길 58
이철수,22,남성,반포대로 1번길 49
정영희,25,남성,신반포로 8번길 24
최길동,34,남성,잠원로 10번길 3
김영희,41,여성,신반포로 6번길 82
김미영,46,여성,신반포로 7번길 65
정민수,53,여성,강남대로 4번길 49
박미영,53,남성,잠원로 3번길 89
최철수,32,남성,강남대로 2번길 92
최민수,43,여성,반포대로 3번길 68
최철수,40,여성,강남대로 4번길 59
정철수,40,여성,반포대로 10번길 65
최영희,58,여성,신반포로 8번길 38
정길동,44,남성,잠원로 1번길 94
김길동,54,여성,잠원로 4번길 32
최길동,41,여성,잠원로 9번길 31
박영희,22,남성,잠원로 4번길 53
박철수,38,남성,강남대로 9번길 68
김철수,22,여성,반포대로 7번길 57
최철수,30,여성,신반포로 4번길 82
최미영,49,여성,반포대로 6번길 32
정민수,20,여성,강남대로 3번길 4
김민수,41,여성,신반포로 4번길 40
정영희,38,여성,강남대로 9번길 45
최민수,23,여성,신반포로 4번길 6
박철수,37,여성,신반포로 3번길 21
최길동,31,여성,강남대로 4번길 55
이길동,29,남성,반포대로 2번길 93
최민수,59,여성,신반포로 4번길 10
이철수,55,남성,강남대로 2번길 55
김길동,49,남성,신반포로 1번길 29
박길동,55,남성,강남대로 9번길 16
최민수,54,남성,잠원로 3번길 92
김길동,22,여성,강남대로 9번길 35
이길동,34,남성,신반포로 9번길 96
정영희,43,여성,강남대로 9번길 72
최영희,45,여성,신반포로 10번길 42
김미영,35,남성,반포대로 6번길 10
정영희,34,남성,강남대로 6번길 49
김철수,59,남성,반포대로 7번길 34
이길동,59,남성,잠원로 1번길 42
박영희,22,남성,잠원로 10번길 59
박길동,29,남성,신반포로 6번길 29
박민수,32,남성,잠원로 1번길 56
김민수,24,남성,강남대로 7번길 3
정길동,56,남성,반포대로 8번길 35
박영희,36,여성,강남대로 7번길 66
최민수,20,여성,강남대로 10번길 69
박미영,41,여성,신반포로 10번길 88
이길동,42,여성,강남대로 2번길 15
박민수,38,여성,반포대로 2번길 62
박길동,24,여성,신반포로 8번길 18
박민수,33,여성,반포대로 8번길 82
이길동,29,여성,반포대로 5번길 56
박민수,58,여성,잠원로 4번길 62
최철수,38,남성,신반포로 7번길 32
박철수,29,여성,반포대로 5번길 18
정철수,23,여성,신반포로 6번길 48
이민수,32,여성,반포대로 2번길 66
최철수,27,여성,신반포로 10번길 43
박미영,30,여성,반포대로 1번길 4
박미영,39,남성,강남대로 5번길 42
이미영,55,여성,잠원로 8번길 35
박미영,50,여성,잠원로 8번길 72
이미영,42,남성,반포대로 9번길 57
박길동,28,남성,강남대로 1번길 44
정길동,20,여성,강남대로 2번길 47
정철수,59,여성,신반포로 9번길 21
정영희,37,남성,강남대로 10번길 8
이민수,54,여성,신반포로 10번길 67
이길동,60,남성,잠원로 8번길 46
박미영,39,여성,잠원로 9번길 34
김길동,33,남성,신반포로 9번길 33
박철수,60,남성,반포대로 8번길 27
박길동,50,남성,강남대로 7번길 59
이길동,52,여성,잠원로 8번길 53
이미영,58,여성,잠원로 7번길 74
최철수,36,남성,신반포로 10번길 26
박영희,42,남성,신반포로 10번길 91
김미영,26,여성,반포대로 9번길 58
박영희,26,남성,잠원로 9번길 4
정철수,41,남성,잠원로 5번길 67
이길동,43,남성,반포대로 2번길 72
이미영,20,여성,잠원로 5번길 72
박길동,29,여성,강남대로 4번길 10
이민수,32,남성,반포대로 9번길 21
이철수,49,여성,잠원로 10번길 15
최민수,31,남성,잠원로 6번길 14
박영희,56,여성,반포대로 6번길 74
최길동,48,여성,잠원로 10번길 51
최영희,30,여성,반포대로 9번길 46
정영희,23,여성,신반포로 2번길 48
이영희,20,여성,강남대로 3번길 12
이민수,57,남성,잠원로 7번길 3
정미영,29,남성,잠원로 1번길 12
박영희,38,여성,잠원로 1번길 61
정민수,23,남성,신반포로 1번길 11
정철수,46,여성,신반포로 9번길 74
이철수,46,남성,반포대로 8번길 92
최영희,32,남성,반포대로 2번길 22
최철수,36,남성,신반포로 5번길 25
박철수,33,여성,신반포로 5번길 26
김미영,33,남성,반포대로 8번길 66
이민수,39,여성,강남대로 8번길 83
최미영,53,여성,잠원로 5번길 70
박영희,27,여성,신반포로 3번길 76
김길동,25,여성,반포대로 1번길 19
정길동,34,여성,강남대로 8번길 95
이철수,26,남성,강남대로 9번길 69
김미영,59,여성,잠원로 9번길 68
박영희,32,남성,신반포로 10번길 89
최영희,35,남성,잠원로 9번길 95
정미영,20,남성,강남대로 3번길 49
최길동,35,남성,잠원로 3번길 16
박길동,31,여성,잠원로 7번길 42
최길동,60,남성,강남대로 1번길 62
